{
    "train_loop_config": {
        "depth": 3,
        "ffn_hidden_dim": 800,
        "ffn_num_layers": 1,
        "message_hidden_dim": 300,
        "dropout": 0.22250765889400273,
        "lr": 8.250594781105043e-05,
        "warmup": 2,
        "batch_size": 128,
        "weight_decay": 0.001598240178711042
    }
}